Time [s],Reconfiguring
-0.168800748,0
-0.108663082,1
-0.108052915,0
-0.108052873,1
-0.100037498,0
0.000000002,1
0.008636793,0
0.108674335,1
0.117298460,0
0.217335960,1
0.225957377,0
0.325994918,1
0.334621418,0
0.434658918,1
0.443278585,0
0.543316127,1
0.551947752,0
0.651985252,1
0.660598043,0
0.760635585,1
0.769264835,0
0.869302335,1
0.877923627,0
0.977961127,1
0.986580252,0
1.086617752,1
1.095005585,0
1.095005627,1
1.095234543,0
1.175199252,0
